Aufbewahrung	Karton
Aufbewahrung	Kisten
Aufbewahrung	Säcke
Bleche	Trapezblech
Bürobedarf	Druckerpapier
Bürobedarf	Klarsichthüllen
Bürobedarf	Offset Druckmatten
Bürobedarf	Papier, bunt
Bürobedarf	Scheren
Bürobedarf	Umschläge
Druckmaterial	Druckmaterial, Banner
Elektro- und Elektronikgeräte	Halogenstrahler
Elektro- und Elektronikgeräte	Nähmaschine
Elektro- und Elektronikgeräte	Neon Lampen
Farben	Acrylfarbe
Farben	Ölkreide
Fenster	Aussenfenster
Fenster	Dachfenster
Fenster	Fensterbaenke
Fenster	Isolierglas Fenster
Fenster	Kellerfenster
Fenster	Rolladen & Jalousien
Fenster	Sonstige Fenster
Fliesen und Steine	Betonwerkstein
Fliesen und Steine	Fliesen
Fliesen und Steine	Naturstein
Folien	Abdeckfolien
Folien	Dampfsbremsfolien
Folien	Dekofolien
Folien	Klebefolien
Folien	Lackfolien
Folien	Lichtfolien
Folien	Opera Folie
Folien	Verpackungsfolien
Handarbeitsbedarf	Bilderrahmen
Handarbeitsbedarf	Borten
Handarbeitsbedarf	Garne
Handarbeitsbedarf	Knöpfe
Handarbeitsbedarf	Schnur
Handarbeitsbedarf	Stoffe
Handarbeitsbedarf	Wolle
Innenausbau	Bodenbelag
Innenausbau	Bodenbelag, Tanzboden
Innenausbau	Bodenbelag, Terrasenbelaege
Innenausbau	Bodenbelege, diverse
Künstlerbedarf	Skizzenpapier
Latten	Theaterlatte
Maschinen	Nähmaschine
Möbel	Gastroschrank
Möbel	Küchenfronten
Möbel	Spind
Platten	Doppelstegplatte
Platten	Lochplatte
Platten	Tischlerplatte
Platten	Wabenacryl-Platten
Requisiten, Dekoration	Greenscreen
Requisiten, Dekoration	Kissen
Requisiten, Dekoration	Moltonwand
Rohr	Abwasserrohr
Rohr	Rundrohr
Rohr	Vierkantrohr
Schlauch	Schlauch, Auto
Schlauch	Schlauch, Fahrrad
Schlauch	Schlauch, Trecker
Stäbe	Rundstäbe
Stuhl, Bank	Schulbank
Tische	Beistelltische
Tueren und Zargen	Aussentueren
Tueren und Zargen	Kniestocktueren
Tueren und Zargen	Sonstige Tueren
Tueren und Zargen	Sonstiges
Tueren und Zargen	Tore
Tueren und Zargen	Wohnungeingangstueren
Tueren und Zargen	Zimmertueren
Werkzeuge und Malersachen	Abrollgitter
Werkzeuge und Malersachen	Abrollschale
Werkzeuge und Malersachen	Dübel
Werkzeuge und Malersachen	Fässer
Werkzeuge und Malersachen	Kabelkanal
Werkzeuge und Malersachen	Karabiner 
Werkzeuge und Malersachen	Nägel
Werkzeuge und Malersachen	Pinsel
Werkzeuge und Malersachen	Roller
Werkzeuge und Malersachen	Scharniere
Werkzeuge und Malersachen	Schrauben
Werkzeuge und Malersachen	Seil
Werkzeuge und Malersachen	Teleskop-Stange
Werkzeuge und Malersachen	Winkel
Schlauch	Feuerwehrschlauch